{
    "banglore": [
        {
            "sl":"01",
            "name": "Lalbagh Botanical Garden",
            "latitude": 12.9507,
            "longitude": 77.5848,
            "type": "Botanical Garden",
            "timings": "6:00 AM to 7:00 PM",
            "entry_fee": "INR 20 for Indians, INR 200 for Foreigners",
            "instructions":""
        },
        {
            "sl":"02",
            "name": "Bangalore Palace",
            "latitude": 12.9985,
            "longitude": 77.5929,
            "type": "Historical Palace",
            "timings": "10:00 AM to 5:30 PM",
            "entry_fee": "INR 230 for Indians, INR 460 for Foreigners",
            "instructions":""
        },
        {
            "sl":"03",
            "name": "Cubbon Park",
            "latitude": 12.9767,
            "longitude": 77.5905,
            "type": "Urban Park",
            "timings": "6:00 AM to 6:00 PM",
            "entry_fee": "Free entry",
            "instructions":""
        },
        {
            "sl":"04",
            "name": "ISKCON Temple Bangalore",
            "latitude": 13.0084,
            "longitude": 77.5511,
            "type": "Religious",
            "timings": "4:15 AM to 5:00 AM, 7:15 AM to 1:00 PM, 4:00 PM to 8:30 PM",
            "entry_fee": "Free entry",
            "instructions":""

        },
        {
            "sl":"05",
            "name": "Tipu Sultan's Summer Palace",
            "latitude": 12.9592,
            "longitude": 77.5738,
            "type": "Historical Palace",
            "timings": "10:00 AM to 6:00 PM",
            "entry_fee": "INR 15 for Indians, INR 200 for Foreigners",
            "instructions":""

        },
        {
            "sl":"06",
            "name": "Vidhana Soudha",
            "latitude": 12.9794,
            "longitude": 77.5901,
            "type": "Government Building",
            "timings": "9:00 AM to 5:30 PM",
            "entry_fee": "Free entry",
            "instructions":""

        },
        {
            "sl":"07",
            "name": "Visvesvaraya Industrial and Technological Museum",
            "latitude": 12.9746,
            "longitude": 77.5964,
            "type": "Science Museum",
            "timings": "10:00 AM to 6:00 PM",
            "entry_fee": "INR 50 for Adults, INR 30 for Children",
            "instructions":""

        },
        {
            "sl":"08",
            "name": "Nandi Hills",
            "latitude": 13.3705,
            "longitude": 77.6835,
            "type": "Hill Station",
            "timings": "6:00 AM to 10:00 PM",
            "entry_fee": "INR 10 for Indians, INR 100 for Foreigners",
            "instructions":""

        }
    ]
}
