{
    "kashmir": [
        {
            "sl":"01",
            "name": "Betaab Valley",
            "latitude": 34.0117,
            "longitude": 75.2827,
            "type": "Scenic Spot",
            "timings": "Open all day",
            "entry_fee": "INR 50 for Indians, INR 150 for Foreigners",
            "instructions":""

        },
        {
            "sl":"02",
            "name": "Sonamarg",
            "latitude": 34.3030,
            "longitude": 75.2931,
            "type": "Hill Station",
            "timings": "Open all day",
            "entry_fee": "INR 50 for Indians, INR 150 for Foreigners",
            "instructions":""

        },
        {
            "sl":"03",
            "name": "Jama Masjid, Srinagar",
            "latitude": 34.0837,
            "longitude": 74.7959,
            "type": "Religious",
            "timings": "9:00 AM to 5:00 PM",
            "entry_fee": "Free entry",
            "instructions":""

        },
        {
            "sl":"04",
            "name": "Lal Chowk",
            "latitude": 34.0837,
            "longitude": 74.7894,
            "type": "MarketPlace",
            "timings": "10:00 AM to 8:00 PM",
            "entry_fee": "Free entry",
            "instructions":""

        },
        {
            "sl":"05",
            "name": "Mughal Road",
            "latitude": 33.4029,
            "longitude": 74.2894,
            "type": "Scenic Drive",
            "timings": "Open all day but differs in winter according to the weather",
            "entry_fee": "Free entry",
            "instructions":""

        },
        {
            "sl":"06",
            "name": "Awantipora Ruins",
            "latitude": 33.9089,
            "longitude": 74.7446,
            "type": "Historical",
            "timings": "9:00 AM to 5:00 PM",
            "entry_fee": "Free entry",
            "instructions":""

        },
        {
            "sl":"7",
            "name": "Chashme Shahi",
            "latitude": 34.1428,
            "longitude": 74.8401,
            "type": "Garden",
            "timings": "9:30 AM to 6:30 PM",
            "entry_fee": "INR 10 for Indians, INR 50 for Foreigners",
            "instructions":""

        }
    ]
}
